venue,ground,city,country
Mainpower Oval,Mainpower Oval,Rangiora,New Zealand
"St George's Park, Port Elizabeth",St George's Park,Port Elizabeth,South Africa
"Kingsmead, Durban",Kingsmead,Durban,South Africa
Sydney Cricket Ground,Sydney Cricket Ground,Sydney,Australia
Bay Oval,Bay Oval,Mount Maunganui,New Zealand
Basin Reserve,Basin Reserve,Wellington,New Zealand
Kingsmead,Kingsmead,Durban,South Africa
"Mission Road Ground, Mong Kok",Mission Road Ground,Mong Kok,Hong Kong
"Simonds Stadium, South Geelong",Simonds Stadium,South Geelong,Australia
Canterbury Park,Canterbury Park,Canterbury,England
Cobham Oval,Cobham Oval,Whangarei,New Zealand
JSCA International Stadium Complex,JSCA International Stadium Complex,Ranchi,India
"Queen's Park Oval, Port of Spain",Queen's Park Oval,Port of Spain,Trinidad and Tobago
Sinhalese Sports Club Ground,Sinhalese Sports Club Ground,Colombo,Sri Lanka
"Edgbaston, Birmingham",Edgbaston,Birmingham,England
"County Ground, Hove",County Ground,Hove,England
"Sabina Park, Kingston",Sabina Park,Kingston,Jamaica
"The Vineyard, Dublin",The Vineyard,Dublin,Ireland
"Windsor Park, Roseau",Windsor Park,Roseau,Dominica
"Simonds Stadium, South Geelong, Victoria",Simonds Stadium,"South Geelong, Victoria",Australia
Sylhet International Cricket Stadium,Sylhet International Cricket Stadium,Sylhet,Bangladesh
"Sir Vivian Richards Stadium, Antigua",Sir Vivian Richards Stadium,"North Sound, Antigua",Antigua and Barbuda
"Bellerive Oval, Hobart",Bellerive Oval,Hobart,Australia
Arun Jaitley Stadium,Arun Jaitley Stadium,Delhi,India
"Karen Rolton Oval, Adelaide",Karen Rolton Oval,Adelaide,Australia
Sawai Mansingh Stadium,Sawai Mansingh Stadium,Jaipur,India
United Cricket Club Ground,United Cricket Club Ground,Windhoek,Namibia
Brabourne Stadium,Brabourne Stadium,Mumbai,India
Kinrara Academy Oval,Kinrara Academy Oval,Kuala Lumpur,Malaysia
Royal Selangor Club,Royal Selangor Club,Kuala Lumpur,Malaysia
Kennington Oval,Kennington Oval,London,England
"North Marine Road Ground, Scarborough",North Marine Road Ground,Scarborough,England
College Ground,College Ground,Cheltenham,England
"Jade Stadium, Christchurch",Jade Stadium,Christchurch,New Zealand
"Goodyear Park, Bloemfontein",Goodyear Park,Bloemfontein,South Africa
"North West Cricket Stadium, Potchefstroom",North West Cricket Stadium,Potchefstroom,South Africa
"Boland Bank Park, Paarl",Boland Bank Park,Paarl,South Africa
"National Stadium, Karachi",National Stadium,Karachi,Pakistan
"MA Chidambaram Stadium, Chepauk, Chennai",MA Chidambaram Stadium,Chennai,India
"Captain Roop Singh Stadium, Gwalior",Captain Roop Singh Stadium,Gwalior,India
Brisbane Cricket Ground,Brisbane Cricket Ground,Brisbane,Australia
R.Premadasa Stadium,R.Premadasa Stadium,Colombo,Sri Lanka
"Basin Reserve, Wellington",Basin Reserve,Wellington,New Zealand
Bayer Uerdingen Cricket Ground,Bayer Uerdingen Cricket Ground,Krefeld,Germany
Stellenbosch University 2,Stellenbosch University 2,Stellenbosch,South Africa
Dr DY Patil Sports Academy,Dr DY Patil Sports Academy,Mumbai,India
OUTsurance Oval,OUTsurance Oval,Bloemfontein,South Africa
SSN College Ground,SSN College Ground,Chennai,India
Zahur Ahmed Chowdhury Stadium,Zahur Ahmed Chowdhury Stadium,Chittagong,Bangladesh
Albert Park 2,Albert Park 2,Suva,Fiji
Sportpark Het Schootsveld 2,Sportpark Het Schootsveld,Deventer,Netherlands
Hong Kong Cricket Club,Hong Kong Cricket Club,Hong Kong,Hong Kong
Indian Association Ground,Indian Association Ground,Singapore,Singapore
"Desert Springs Cricket Ground, Almeria",Desert Springs Cricket Ground,Almeria,Spain
"Sawai Mansingh Stadium, Jaipur",Sawai Mansingh Stadium,Jaipur,India
"Central Broward Regional Park Stadium Turf Ground, Lauderhill",Central Broward Regional Park Stadium Turf Ground,Lauderhill,USA
"International Sports Stadium, Coffs Harbour",International Sports Stadium,Coffs Harbour,Australia
Sheikh Abu Naser Stadium,Sheikh Abu Naser Stadium,Khulna,Bangladesh
"Dr DY Patil Sports Academy, Mumbai",Dr DY Patil Sports Academy,Mumbai,India
"Church of Ireland Young Men's Society Cricket Club Ground, Belfast",Church of Ireland Young Men's Society Cricket Club Ground,Belfast,Northern Ireland
"Merrion Cricket Club Ground, Dublin",Merrion Cricket Club Ground,Dublin,Ireland
"UKM-YSD Cricket Oval, Bangi",UKM-YSD Cricket Oval,Bangi,Malaysia
"Meersen, Gent",Meersen,Gent,Belgium
"Cambusdoon New Ground, Ayr",Cambusdoon New Ground,Ayr,Scotland
Castle Avenue,Castle Avenue,Dublin,Ireland
Abu Dhabi Oval 1,Abu Dhabi Oval 1,Abu Dhabi,UAE
Jaffery Sports Club Ground,Jaffery Sports Club Ground,Nairobi,Kenya
Vidarbha Cricket Association Ground,Vidarbha Cricket Association Ground,Nagpur,India
Lochlands,Lochlands,Arbroath,Scotland
King George V Sports Ground,King George V Sports Ground,Castel,Guernsey
Bready,Bready Cricket Club,Magheramason,Northern Ireland
"Terdthai Cricket Ground, Bangkok",Terdthai Cricket Ground,Bangkok,Thailand
"P Sara Oval, Colombo",P Sara Oval,Colombo,Sri Lanka
"Solvangs Park, Glostrup",Solvangs Park,Glostrup,Denmark
The Rose Bowl (Nursery),The Rose Bowl (Nursery),Southampton,England
Nevill Ground,Nevill Ground,Tunbridge Wells,England
"Goldenacre, Edinburgh",Goldenacre,Edinburgh,Scotland
"Selangor Turf Club, Kuala Lumpur",Selangor Turf Club,Kuala Lumpur,Malaysia
"Woodley Cricket Field, Los Angeles",Woodley Cricket Field,Los Angeles,USA
Zhejiang University of Technology Cricket Field,Zhejiang University of Technology Cricket Field,Hangzhou,China
Subrata Roy Sahara Stadium,Subrata Roy Sahara Stadium,Pune,India
"Lords, St David's Cricket Club Ground","Lords, St David's Cricket Club Ground",St David's,Wales
FB Fields,FB Fields,St Clement,Jersey
Grainville,Grainville,St Saviour,Jersey
"Achimota Senior Secondary School A Field, Accra",Achimota Senior Secondary School A Field,Accra,Ghana
Dreux Sport Cricket Club,Dreux Sport Cricket Club,Dreux,France
Adelaide Oval No. 2,Adelaide Oval No. 2,Adelaide,Australia
Gliderol Stadium,Gliderol Stadium,Adelaide,Australia
"Gahanga B Ground, Rwanda",Gahanga B Ground,Rwanda,Rwanda
Moses Mabhida Stadium,Moses Mabhida Stadium,Durban,South Africa
"Darren Sammy National Cricket Stadium, Gros Islet",Darren Sammy National Cricket Stadium,Gros Islet,Saint Lucia
"Old Edwardians Cricket Club Ground, Solihull",Old Edwardians Cricket Club Ground,Solihull,England
"Yeonhui Cricket Ground, Incheon",Yeonhui Cricket Ground,Incheon,South Korea
Asian Institute of Technology Ground,Asian Institute of Technology Ground,Bangkok,Thailand
Wankhede Stadium,Wankhede Stadium,Mumbai,India
Sydney Showground Stadium,Sydney Showground Stadium,Sydney,Australia
Hagley Oval,Hagley Oval,Christchurch,New Zealand
Bellerive Oval,Bellerive Oval,Hobart,Australia
Newlands,Newlands,Cape Town,South Africa
"Rajiv Gandhi International Stadium, Uppal",Rajiv Gandhi International Stadium,Hyderabad,India
Strathfieldsaye,Strathfieldsaye,Strathfieldsaye,Australia
"Sir Vivian Richards Stadium, North Sound",Sir Vivian Richards Stadium,"North Sound, Antigua",Antigua and Barbuda
University of Otago Oval,University of Otago Oval,Dunedin,New Zealand
R Premadasa Stadium,R Premadasa Stadium,Colombo,Sri Lanka
Willowmoore Park B Field,Willowmoore Park B Field,Benoni,South Africa
Willowmoore Park C Field,Willowmoore Park C Field,Benoni,South Africa
M.Chinnaswamy Stadium,M.Chinnaswamy Stadium,Bengaluru,India
"County Ground, Taunton",County Ground,Taunton,England
"County Ground, Bristol",County Ground,Bristol,England
Senwes Park,Senwes Park,Potchefstroom,South Africa
"Stanley Park, Blackpool",Stanley Park,Blackpool,England
C B Patel Ground,C B Patel Ground,Surat,India
Cello Basin Reserve,Basin Reserve,Wellington,New Zealand
"Darren Sammy National Cricket Stadium, St Lucia",Darren Sammy National Cricket Stadium,Gros Islet,Saint Lucia
"Warner Park, St Kitts",Warner Park,Basseterre,Saint Kitts and Nevis
Wanderers Cricket Ground,Wanderers Cricket Ground,Windhoek,Namibia
La Manga Club Top Ground,La Manga Club Top Ground,La Manga,Spain
Reliance Stadium,Reliance Stadium,Vadodara,India
Nelson Park,Nelson Park,Napier,New Zealand
Oakham School Ground,Oakham School Ground,Oakham,England
Headingley,Headingley,Leeds,England
"The Saffrons, Eastbourne",The Saffrons,Eastbourne,England
Sportpark Het Schootsveld,Sportpark Het Schootsveld,Deventer,Netherlands
"Woodvale Road, Eglinton",Woodvale Road,Eglinton,Northern Ireland
Arundel Castle Cricket Club Ground,Arundel Castle Cricket Club Ground,Arundel,England
Sir Vivian Richards Stadium,Sir Vivian Richards Stadium,"North Sound, Antigua",Antigua and Barbuda
Grace Road,Grace Road,Leicester,England
"Davies Park, Queenstown",Davies Park,Queenstown,New Zealand
"Westpac Park, Hamilton",Seddon Park,Hamilton,New Zealand
"Bankstown Oval, Sydney",Bankstown Oval,Sydney,Australia
"Arnos Vale Ground, Kingstown, St Vincent",Arnos Vale Ground,Kingstown,Saint Vincent and the Grenadines
"The Royal & Sun Alliance County Ground, Bristol",County Ground,Bristol,England
Multan Cricket Stadium,Multan Cricket Stadium,Multan,Pakistan
Daren Sammy National Cricket Stadium,Darren Sammy National Cricket Stadium,Gros Islet,Saint Lucia
National Cricket Stadium,National Cricket Stadium,St George's,Grenada
VRA Cricket Ground,VRA Ground,Amstelveen,Netherlands
MA Aziz Stadium,MA Aziz Stadium,Chittagong,Bangladesh
Nehru Stadium,Nehru Stadium,Guwahati,India
Kibworth Cricket Club Ground,Kibworth Cricket Club Ground,Kibworth,England
"Haslegrave Ground, Loughborough",Haslegrave Ground,Loughborough,England
"National Sports Academy, Sofia",National Sports Academy,Sofia,Bulgaria
Kerava National Cricket Ground,Kerava National Cricket Ground,Kerava,Finland
"Warner Park, Basseterre, St Kitts",Warner Park,Basseterre,Saint Kitts and Nevis
Guttsta Wicked Cricket Club,Guttsta Wicked Cricket Club,Guttsta,Sweden
Queenstown Events Centre,Queenstown Events Centre,Queenstown,New Zealand
"Niaz Stadium, Hyderabad",Niaz Stadium,Hyderabad,India
"Punjab Cricket Association Stadium, Mohali",Punjab Cricket Association IS Bindra Stadium,Mohali,India
"National Cricket Stadium, St George's",National Cricket Stadium,St George's,Grenada
P Saravanamuttu Stadium,P Sara Oval,Colombo,Sri Lanka
"Antigua Recreation Ground, St John's",Antigua Recreation Ground,St John's,Antigua and Barbuda
Dubai Sports City Cricket Stadium,Dubai Sports City Cricket Stadium,Dubai,UAE
"Mainpower Oval, Rangiora",Mainpower Oval,Rangiora,New Zealand
Al Amerat Cricket Ground Oman Cricket (Ministry Turf 2),Al Amerat Cricket Ground Oman Cricket,Al Amerat,Oman
Queen's Park,Queen's Park,Chesterfield,England
"Penrhyn Avenue, Rhos-on-Sea, Colwyn Bay",Penrhyn Avenue,Colwyn Bay,Wales
Sportpark Thurlede,Sportpark Thurlede,Schiedam,Netherlands
Happy Valley Ground,Happy Valley Ground,Hong Kong,Hong Kong
University of Lagos Cricket Oval,University of Lagos Cricket Oval,Lagos,Nigeria
Bharat Ratna Shri Atal Bihari Vajpayee Ekana Cricket Stadium B,Bharat Ratna Shri Atal Bihari Vajpayee Ekana Cricket Stadium,Lucknow,India
Gurugram Cricket Ground (SRNCC),Gurugram Cricket Ground,Gurugram,India
Chaudhry Bansi Lal Cricket Stadium,Chaudhry Bansi Lal Cricket Stadium,Rohtak,India
"GMHBA Stadium, South Geelong, Victoria",GMHBA Stadium,South Geelong,Australia
"Kinrara Academy Oval, Kuala Lumpur",Kinrara Academy Oval,Kuala Lumpur,Malaysia
"Himachal Pradesh Cricket Association Stadium, Dharamsala",Himachal Pradesh Cricket Association Stadium,Dharamsala,India
"M Chinnaswamy Stadium, Bengaluru",M.Chinnaswamy Stadium,Bengaluru,India
"United Cricket Club Ground, Windhoek",United Cricket Club Ground,Windhoek,Namibia
"Bert Sutcliffe Oval, Lincoln",Bert Sutcliffe Oval,Lincoln,England
New Strabane Park,New Strabane Park,Strabane,Northern Ireland
"The Lawn, Waringstown",The Lawn,Waringstown,Northern Ireland
"Lugogo Cricket Oval, Kampala",Lugogo Cricket Oval,Kampala,Uganda
"Windsor Park, Roseau, Dominica",Windsor Park,Roseau,Dominica
Bulawayo Athletic Club,Bulawayo Athletic Club,Bulawayo,Zimbabwe
Merrion Cricket Club Ground,Merrion Cricket Club Ground,Dublin,Ireland
Sheikh Zayed Stadium Nursery 2,Sheikh Zayed Stadium Nursery 2,Abu Dhabi,UAE
"Sinovich Park, Sinoville",Sinovich Park,Sinoville,South Africa
Harlequins,Harlequins,Harare,Zimbabwe
Andhra Cricket Association-Visakhapatnam District Cricket Association Stadium,Andhra Cricket Association-Visakhapatnam District Cricket Association Stadium,Visakhapatnam,India
"GSSS, Sector 26","GSSS, Sector 26",Chandigarh,India
"Ground 1, Independence Park","Ground 1, Independence Park",Port Vila,Vanuatu
City Oval,City Oval,Pietermaritzburg,South Africa
"New Close County Cricket Ground, Newport, Isle-of-Wight",New Close County Cricket Ground,Newport,Wales
Sydney Parade,Sydney Parade,Dublin,Ireland
"Enborne Lodge, Newbury",Enborne Lodge,Newbury,England
Shaheed Veer Narayan Singh International Stadium,Shaheed Veer Narayan Singh International Stadium,Raipur,India
"University of Tasmania Stadium, Launceston",University of Tasmania Stadium,Launceston,Australia
"Lavington Sports Oval, Albury",Lavington Sports Oval,Albury,Australia
"Shaheed Veer Narayan Singh International Stadium, Raipur",Shaheed Veer Narayan Singh International Stadium,Raipur,India
Farmers Cricket Club Ground,Farmers Cricket Club Ground,St Martin,Jersey
Garon Park,Garon Park,Southend-on-Sea,England
"Sky Stadium, Wellington",Sky Stadium,Wellington,New Zealand
Ashlyns Road,Ashlyns Road,Berkhamsted,England
"Riverway Stadium, Townsville",Riverway Stadium,Townsville,Australia
Kaizuka Cricket Ground,Kaizuka Cricket Ground,Kaizuka,Japan
North Dalton Park,North Dalton Park,Wollongong,Australia
"Royal Brunswick Ground, Hove, Brighton",Royal Brunswick Ground,Hove,England
"Lindum Sports Club Ground, Lincoln",Lindum Sports Club Ground,Lincoln,England
"Ekeberg Cricket Ground 1, Oslo",Ekeberg Cricket Ground,Oslo,Norway
Singapore National Cricket Ground,Singapore National Cricket Ground,Singapore,Singapore
Jinja Cricket Ground,Jinja Cricket Ground,Jinja,Uganda
Las Caballerizas,Las Caballerizas,Buenos Aires,Argentina
Seddon Park,Seddon Park,Hamilton,New Zealand
"New Wanderers Stadium, Johannesburg",New Wanderers Stadium,Johannesburg,South Africa
Sheikh Zayed Stadium,Sheikh Zayed Stadium,Abu Dhabi,UAE
Dubai International Cricket Stadium,Dubai International Cricket Stadium,Dubai,UAE
Barabati Stadium,Barabati Stadium,Cuttack,India
Eden Park,Eden Park,Auckland,New Zealand
Sharjah Cricket Stadium,Sharjah Cricket Stadium,Sharjah,UAE
Westpac Stadium,Sky Stadium,Wellington,New Zealand
Colin Maiden Park,Colin Maiden Park,Auckland,New Zealand
Tribhuvan University International Cricket Ground,Tribhuvan University International Cricket Ground,Kirtipur,Nepal
"Headingley, Leeds",Headingley,Leeds,England
Holkar Cricket Stadium,Holkar Cricket Stadium,Indore,India
"Old Trafford, Manchester",Old Trafford,Manchester,England
"Lord's, London",Lord's,London,England
Royal Chiangmai Golf Club,Royal Chiangmai Golf Club,Chiang Mai,Thailand
Carrara Oval,Carrara Oval,Gold Coast,Australia
Eden Park Outer Oval,Eden Park Outer Oval,Auckland,New Zealand
The Wanderers Stadium,The Wanderers Stadium,Johannesburg,South Africa
Traeger Park,Traeger Park,Alice Springs,Australia
Terdthai Cricket Ground,Terdthai Cricket Ground,Bangkok,Thailand
 Emerald Heights International School Ground,Emerald Heights International School Ground,Indore,India
"Airforce Complex ground, Palam II",Airforce Complex ground,Palam,India
"Junction Oval, Melbourne",Junction Oval,Melbourne,Australia
"Mahinda Rajapaksa International Cricket Stadium, Sooriyawewa",Mahinda Rajapaksa International Cricket Stadium,Sooriyawewa,Sri Lanka
Amini Park,Amini Park,Port Moresby,Papua New Guinea
"Guyana National Stadium, Providence",Guyana National Stadium,Providence,Guyana
Affies Park,Affies Park,Windhoek,Namibia
"Kent County Cricket Ground, Beckenham",Kent County Cricket Ground,Beckenham,England
Kwekwe Sports Club,Kwekwe Sports Club,Kwekwe,Zimbabwe
Tafawa Balewa Square Cricket Oval,Tafawa Balewa Square Cricket Oval,Lagos,Nigeria
UKM-YSD Cricket Oval,UKM-YSD Cricket Oval,Bangi,Malaysia
Trent Bridge,Trent Bridge,Nottingham,England
"Woodbridge Road, Guildford",Woodbridge Road,Guildford,England
Old Trafford,Old Trafford,Manchester,England
Edgbaston,Edgbaston,Birmingham,England
"Westpac Stadium, Wellington",Sky Stadium,Wellington,New Zealand
Sharjah Cricket Association Stadium,Sharjah Cricket Association Stadium,Sharjah,UAE
"Antigua Recreation Ground, St John's, Antigua",Antigua Recreation Ground,St John's,Antigua and Barbuda
"Queen's Park (New), St George's, Grenada",Queen's Park,St George's,Grenada
"Lal Bahadur Shastri Stadium, Hyderabad, Deccan",Lal Bahadur Shastri Stadium,Hyderabad,India
"Sinhalese Sports Club Ground, Colombo",Sinhalese Sports Club Ground,Colombo,Sri Lanka
AMI Stadium,AMI Stadium,Christchurch,New Zealand
Kensington Oval,Kensington Oval,Bridgetown,Barbados
"Boughton Hall Cricket Club Ground, Chester",Boughton Hall Cricket Club Ground,Chester,England
"Bready Cricket Club, Magheramason, Bready",Bready Cricket Club,Magheramason,Northern Ireland
"Coolidge Cricket Ground, Antigua",Coolidge Cricket Ground,Antigua,Antigua and Barbuda
York Cricket Club,York Cricket Club,York,England
Maharani Usharaje Trust Cricket Ground,Maharani Usharaje Trust Cricket Ground,Indore,India
IC-Gurunanak College Ground,IC-Gurunanak College Ground,Chennai,India
"Cobham Oval (New), Whangarei",Cobham Oval,Whangarei,New Zealand
"University Oval, Dunedin",University Oval,Dunedin,New Zealand
"North Dalton Park, Wollongong",North Dalton Park,Wollongong,Australia
Pallekele International Cricket Stadium,Pallekele International Cricket Stadium,Pallekele,Sri Lanka
Sea Breeze Oval,Sea Breeze Oval,Darwin,Australia
Centro Sportivo Dozza,Centro Sportivo Dozza,Bologna,Italy
"Toronto Cricket, Skating and Curling Club","Toronto Cricket, Skating and Curling Club",Toronto,Canada
"Seebarn Cricket Centre, Lower Austria",Seebarn Cricket Centre,Lower Austria,Austria
"Brian Lara Stadium, Tarouba",Brian Lara Stadium,Tarouba,Trinidad and Tobago
College Field,College Field,St Peter Port,Guernsey
Friendship Oval,Friendship Oval,Harare,Zimbabwe
Kallang Ground,Kallang Ground,Singapore,Singapore
"Campbell Park, Milton Keynes",Campbell Park,Milton Keynes,England
North Marine Road Ground,North Marine Road Ground,Scarborough,England
"Ray Mitchell Oval, Harrup Park, Mackay",Ray Mitchell Oval,Mackay,Australia
"Reforma Athletic Club, Naucalpan",Reforma Athletic Club,Naucalpan,Mexico
"Invermay Park, Launceston",Invermay Park,Launceston,Australia
Alembic 2  Cricket Ground,Alembic 2 Cricket Ground,Vadodara,India
"JSCA International Stadium Complex, Ranchi",JSCA International Stadium Complex,Ranchi,India
"Old Hararians, Harare",Old Hararians,Harare,Zimbabwe
Sportpark Duivesteijn,Sportpark Duivesteijn,Leidschendam,Netherlands
"Grange Cricket Club Ground, Raeburn Place",Grange Cricket Club Ground,Edinburgh,Scotland
"Instonians Cricket Club, Shaw's Bridge Lower Ground, Belfast","Instonians Cricket Club, Shaw's Bridge Lower Ground",Belfast,Northern Ireland
"College Field, St Peter Port",College Field,St Peter Port,Guernsey
"Saurashtra Cricket Association Stadium, Rajkot",Saurashtra Cricket Association Stadium,Rajkot,India
"Indian Association Ground, Singapore",Indian Association Ground,Singapore,Singapore
"Sportpark Harga, Schiedam",Sportpark Harga,Schiedam,Netherlands
ICC Academy Ground No 2,ICC Academy Ground No 2,Dubai,UAE
West End Park International Cricket Stadium,West End Park International Cricket Stadium,Doha,Qatar
Narayanganj Osmani Stadium,Narayanganj Osmani Stadium,Narayanganj,Bangladesh
Goodyear Park,Goodyear Park,Bloemfontein,South Africa
Dr. Y.S. Rajasekhara Reddy ACA VDCA Cricket Stadium,Dr. Y.S. Rajasekhara Reddy ACA VDCA Cricket Stadium,Visakhapatnam,India
BKC Ground,BKC Ground,Mumbai,India
"Ground 2, Independence Park","Ground 2, Independence Park",Port Vila,Vanuatu
Radlett Cricket Club,Radlett Cricket Club,Radlett,England
"Sabina Park, Jamaica",Sabina Park,Kingston,Jamaica
Tafawa Balewa Square (TBS) Cricket Oval,Tafawa Balewa Square Cricket Oval,Lagos,Nigeria
"Barsapara Cricket Stadium, Guwahati",Barsapara Cricket Stadium,Guwahati,India
Europa Sports Complex,Europa Sports Complex,Gibraltar,Gibraltar
Myreside,Myreside,Edinburgh,Scotland
"Millfield School, Street",Millfield School,Street,England
"GB Oval, Szodliget",GB Oval,Szodliget,Hungary
"The Gnoll, Neath",The Gnoll,Neath,Wales
"The Hills, Milverton",The Hills,Milverton,England
Haslegrave Ground,Haslegrave Ground,Loughborough,England
"Latrobe Recreation Ground, Latrobe",Latrobe Recreation Ground,Latrobe,Australia
"Ted Summerton Reserve, Moe",Ted Summerton Reserve,Moe,Australia
"Greenfield International Stadium, Thiruvananthapuram",Greenfield International Stadium,Thiruvananthapuram,India
University of Doha for Science and Technology,University of Doha for Science and Technology,Doha,Qatar
"Tolerance Oval, Abu Dhabi",Tolerance Oval,Abu Dhabi,UAE
"Mannofield Park, Aberdeen",Mannofield Park,Aberdeen,Scotland
"Independence Park, Port Vila",Independence Park,Port Vila,Vanuatu
"Eastern Oval, Ballarat",Eastern Oval,Ballarat,Australia
"Simar Cricket Ground, Rome",Simar Cricket Ground,Rome,Italy
"King George V Sports Ground, Castel",King George V Sports Ground,Castel,Guernsey
"Mladost Cricket Ground, Zagreb",Mladost Cricket Ground,Zagreb,Croatia
"Ekeberg Cricket Ground 2, Oslo",Ekeberg Cricket Ground,Oslo,Norway
"Tafawa Balewa Square Cricket Oval, Lagos",Tafawa Balewa Square Cricket Oval,Lagos,Nigeria
"Abhimanyu Cricket Academy, Dehradun",Abhimanyu Cricket Academy,Dehradun,India
"Royal Selangor Club, Kuala Lumpur",Royal Selangor Club,Kuala Lumpur,Malaysia
Skarpnack 2,Skarpnack 2,Stockholm,Sweden
Sao Fernando Polo and Cricket Club,Sao Fernando Polo and Cricket Club,Sao Fernando,Brazil
Gelephu International Cricket Ground,Gelephu International Cricket Ground,Gelephu,Bhutan
"Newlands, Cape Town",Newlands,Cape Town,South Africa
Melbourne Cricket Ground,Melbourne Cricket Ground,Melbourne,Australia
"Brisbane Cricket Ground, Woolloongabba",Brisbane Cricket Ground,Brisbane,Australia
Green Park,Green Park,Kanpur,India
White Hills Oval,White Hills Oval,Bendigo,Australia
ICC Global Cricket Academy,ICC Global Cricket Academy,Dubai,UAE
Gaddafi Stadium,Gaddafi Stadium,Lahore,Pakistan
"Kensington Oval, Bridgetown",Kensington Oval,Bridgetown,Barbados
Himachal Pradesh Cricket Association Stadium,Himachal Pradesh Cricket Association Stadium,Dharamsala,India
"County Ground, New Road, Worcester",County Ground,Worcester,England
County Ground,County Ground,Taunton,England
"Roseworth Terrace, Gosforth",Roseworth Terrace,Newcastle upon Tyne,England
Malahide,Malahide,Malahide,Ireland
Perth Stadium,Perth Stadium,Perth,Australia
Pukekura Park,Pukekura Park,New Plymouth,New Zealand
Harrup Park,Harrup Park,Mackay,Australia
Junction Oval,Junction Oval,Melbourne,Australia
Geelong Cricket Ground,Geelong Cricket Ground,Geelong,Australia
Al Amerat Cricket Ground Oman Cricket (Ministry Turf 1),Al Amerat Cricket Ground Oman Cricket,Al Amerat,Oman
"Dr. Gokaraju Laila Ganga Raju ACA Cricket Complex -DVR Ground,Mulapadu",Dr. Gokaraju Laila Ganga Raju ACA Cricket Complex,Mulapadu,India
"Boland Park, Paarl",Boland Park,Paarl,South Africa
Old Hararians,Old Hararians,Harare,Zimbabwe
Sulabiya Ground,Sulabiya Ground,Sulabiya,Kuwait
UKM Cricket Oval,UKM Cricket Oval,Bangi,Malaysia
Kinrara Oval,Kinrara Oval,Kuala Lumpur,Malaysia
Mangaung Oval,Mangaung Oval,Bloemfontein,South Africa
"Civil Service Cricket Club, Stormont, Belfast",Civil Service Cricket Club,Belfast,Northern Ireland
Hazelaarweg,Hazelaarweg,Rotterdam,Netherlands
Sophia Gardens,Sophia Gardens,Cardiff,Wales
"Pembroke Cricket Club, Sandymount, Dublin",Pembroke Cricket Club,Dublin,Ireland
"Trafalgar Road Ground, Southport",Trafalgar Road Ground,Southport,England
"Marrara Cricket Ground, Darwin",Marrara Cricket Ground,Darwin,Australia
"Gaddafi Stadium, Lahore",Gaddafi Stadium,Lahore,Pakistan
"Iqbal Stadium, Faisalabad",Iqbal Stadium,Faisalabad,Pakistan
Queen's Park Oval,Queen's Park Oval,Port of Spain,Trinidad and Tobago
Arnos Vale Ground,Arnos Vale Ground,Kingstown,Saint Vincent and the Grenadines
Sinhalese Sports Club,Sinhalese Sports Club,Colombo,Sri Lanka
Bangabandhu National Stadium,Bangabandhu National Stadium,Dhaka,Bangladesh
Iqbal Stadium,Iqbal Stadium,Faisalabad,Pakistan
Sardar Patel Stadium,Sardar Patel Stadium,Ahmedabad,India
"The Green, Comber",The Green,Comber,Northern Ireland
"Scott Page Field, Vinor",Scott Page Field,Vinor,Czech Republic
"FP Fenner's Ground, Cambridge",FP Fenner's Ground,Cambridge,England
"Mardyke, Cork",Mardyke,Cork,Ireland
"R Premadasa Stadium, Colombo",R Premadasa Stadium,Colombo,Sri Lanka
"Edgbaston Foundation Community Sports Ground, Birmingham",Edgbaston Foundation Community Sports Ground,Birmingham,England
Cambusdoon New Ground,Cambusdoon New Ground,Ayr,Scotland
Gymkhana Club Ground,Gymkhana Club Ground,Nairobi,Kenya
De Beers Diamond Oval,De Beers Diamond Oval,Kimberley,South Africa
F B Colony Ground,F B Colony Ground,Karachi,Pakistan
Sky Stadium,Sky Stadium,Wellington,New Zealand
Bharat Ratna Shri Atal Bihari Vajpayee Ekana Cricket Stadium,Bharat Ratna Shri Atal Bihari Vajpayee Ekana Cricket Stadium,Lucknow,India
Zohur Ahmed Chowdhury Stadium,Zohur Ahmed Chowdhury Stadium,Chittagong,Bangladesh
"Brabourne Stadium, Mumbai",Brabourne Stadium,Mumbai,India
Central Broward Regional Park Stadium Turf Ground,Central Broward Regional Park Stadium Turf Ground,Lauderhill,USA
Desert Springs Cricket Ground,Desert Springs Cricket Ground,Almeria,Spain
"Brian Lara Stadium, Tarouba, Trinidad",Brian Lara Stadium,Tarouba,Trinidad and Tobago
"Queen's Park Oval, Port of Spain, Trinidad",Queen's Park Oval,Port of Spain,Trinidad and Tobago
Moara Vlasiei Cricket Ground,Moara Vlasiei Cricket Ground,Ilfov County,Romania
"Gliderol Stadium, Adelaide",Gliderol Stadium,Adelaide,Australia
"Molyneux Park, Alexandra",Molyneux Park,Alexandra,New Zealand
"Clifton Park Ground, York",Clifton Park Ground,York,England
Botswana Cricket Association Oval 1,Botswana Cricket Association Oval 1,Gaborone,Botswana
Albert Park 1,Albert Park,Suva,Fiji
Eastern Oval,Eastern Oval,Ballarat,Australia
The Padang,The Padang,Singapore,Singapore
"Botswana Cricket Association Oval 2, Gaborone",Botswana Cricket Association Oval 2,Gaborone,Botswana
"Rookwood, Sale",Rookwood,Sale,Australia
Entebbe Cricket Oval,Entebbe Cricket Oval,Entebbe,Uganda
"Grange Cricket Club Ground, Raeburn Place, Edinburgh",Grange Cricket Club Ground,Edinburgh,Scotland
"Zayed Cricket Stadium, Abu Dhabi",Zayed Cricket Stadium,Abu Dhabi,UAE
"ICC Academy, Dubai",ICC Academy,Dubai,UAE
"ACA Stadium,Mangalagiri",ACA Stadium,Mangalagiri,India
"Docklands Stadium, Melbourne",Docklands Stadium,Melbourne,Australia
Al Dhaid Cricket Village,Al Dhaid Cricket Village,Al Dhaid,UAE
Willowmoore Park A Field,Willowmoore Park,Benoni,South Africa
"Moosa Cricket Stadium, Pearland",Moosa Cricket Stadium,Pearland,USA
"Observatory Lane, Rathmines",Observatory Lane,Dublin,Ireland
"Nehru Stadium, Fatorda",Nehru Stadium,Fatorda,India
Sedgars Park,Sedgars Park,Potchefstroom,South Africa
Sector 16 Stadium,Sector 16 Stadium,Chandigarh,India
Dr P.V.G. Raju ACA Sports Complex,Dr P.V.G. Raju ACA Sports Complex,Vizianagaram,India
"Cricket Stadium, Sector-16",Cricket Stadium,Chandigarh,India
Kowloon Cricket Club,Kowloon Cricket Club,Hong Kong,Hong Kong
"Sportpark Het Schootsveld, Deventer",Sportpark Het Schootsveld,Deventer,Netherlands
"Gahanga International Cricket Stadium, Rwanda",Gahanga International Cricket Stadium,Rwanda,Rwanda
"Holkar Cricket Stadium, Indore",Holkar Cricket Stadium,Indore,India
Somerset Cricket Club,Somerset Cricket Club,Somerset,England
"Vidarbha Cricket Association Stadium, Jamtha, Nagpur",Vidarbha Cricket Association Stadium,Nagpur,India
Prairie View Cricket Complex,Prairie View Cricket Complex,Prairie View,USA
Udayana Cricket Ground,Udayana Cricket Ground,Bali,Indonesia
Rugby School Ground,Rugby School Ground,Rugby,England
"Maple Leaf North-East Ground, King City",Maple Leaf North-East Ground,King City,Canada
"Farmers Cricket Club Ground, St Martin",Farmers Cricket Club Ground,St Martin,Jersey
"Great Barrier Reef Arena, Mackay",Great Barrier Reef Arena,Mackay,Australia
"JU Second Campus, Salt Lake",JU Second Campus,Salt Lake,USA
"Sikh Union Club Ground, Nairobi",Sikh Union Club Ground,Nairobi,Kenya
"Whitegate Park, Blackpool",Whitegate Park,Blackpool,England
"Faleata Oval No 2, Apia",Faleata Oval No 2,Apia,Samoa
Mombasa Sports Club Ground,Mombasa Sports Club Ground,Mombasa,Kenya
St Georges Quilmes,St Georges Quilmes,Quilmes,Argentina
"Severn Cricket Field, Woodley Park",Severn Cricket Field,Woodley Park,USA
Koge Cricket Club,Koge Cricket Club,Koge,Denmark
"Gymkhana Club Ground, Dar-es-Salaam",Gymkhana Club Ground,Dar-es-Salaam,Tanzania
"SuperSport Park, Centurion",SuperSport Park,Centurion,South Africa
"Buffalo Park, East London",Buffalo Park,East London,South Africa
W.A.C.A. Ground,W.A.C.A. Ground,Perth,Australia
Western Australia Cricket Association Ground,Western Australia Cricket Association Ground,Perth,Australia
M Chinnaswamy Stadium,M Chinnaswamy Stadium,Bengaluru,India
Galle International Stadium,Galle International Stadium,Galle,Sri Lanka
Rangiri Dambulla International Stadium,Rangiri Dambulla International Stadium,Dambulla,Sri Lanka
"County Ground, Chelmsford",County Ground,Chelmsford,England
Saurashtra Cricket Association Stadium,Saurashtra Cricket Association Stadium,Rajkot,India
"The Rose Bowl, Southampton",The Rose Bowl,Southampton,England
"Trent Bridge, Nottingham",Trent Bridge,Nottingham,England
"Riverside Ground, Chester-le-Street",Riverside Ground,Chester-le-Street,England
Sano International Cricket Ground,Sano International Cricket Ground,Sano,Japan
Lord's,Lord's,London,England
North-West University No1 Ground,North-West University No1 Ground,Potchefstroom,South Africa
Molyneux Park,Molyneux Park,Alexandra,New Zealand
Bankstown Oval,Bankstown Oval,Sydney,Australia
"National Cricket Stadium, Grenada",National Cricket Stadium,St George's,Grenada
Barsapara Cricket Stadium,Barsapara Cricket Stadium,Guwahati,India
National Stadium,National Stadium,Karachi,Pakistan
MA Chidambaram Stadium,MA Chidambaram Stadium,Chennai,India
"City Oval, Pietermaritzburg",City Oval,Pietermaritzburg,South Africa
Old Hararians Sports Club,Old Hararians Sports Club,Harare,Zimbabwe
"Allan Border Field, Brisbane",Allan Border Field,Brisbane,Australia
"The Village, Malahide",The Village,Malahide,Ireland
"St Helen's, Swansea",St Helen's,Swansea,Wales
"Grange Cricket Club, Raeburn Place",Grange Cricket Club Ground,Edinburgh,Scotland
"Daren Sammy National Cricket Stadium, Gros Islet",Daren Sammy National Cricket Stadium,Gros Islet,Saint Lucia
VRA Ground,VRA Ground,Amstelveen,Netherlands
Gahanga International Cricket Stadium. Rwanda,Gahanga International Cricket Stadium,Rwanda,Rwanda
Uxbridge Cricket Club Ground,Uxbridge Cricket Club Ground,Uxbridge,England
"College Ground, Cheltenham",College Ground,Cheltenham,England
"De Beers Diamond Oval, Kimberley",De Beers Diamond Oval,Kimberley,South Africa
"Gymkhana Club Ground, Nairobi",Gymkhana Club Ground,Nairobi,Kenya
"Queens Sports Club, Bulawayo",Queens Sports Club,Bulawayo,Zimbabwe
"Sabina Park, Kingston, Jamaica",Sabina Park,Kingston,Jamaica
Rawalpindi Cricket Stadium,Rawalpindi Cricket Stadium,Rawalpindi,Pakistan
"Punjab Cricket Association Stadium, Mohali, Chandigarh",Punjab Cricket Association IS Bindra Stadium,Mohali,India
"Barabati Stadium, Cuttack",Barabati Stadium,Cuttack,India
Arbab Niaz Stadium,Arbab Niaz Stadium,Peshawar,Pakistan
Antigua Recreation Ground,Antigua Recreation Ground,St John's,Antigua and Barbuda
John Davies Oval,John Davies Oval,Queenstown,New Zealand
"Hazelaarweg, Rotterdam",Hazelaarweg,Rotterdam,Netherlands
"Sheikh Zayed Stadium, Abu Dhabi",Sheikh Zayed Stadium,Abu Dhabi,UAE
"National Cricket Stadium, St George's, Grenada",National Cricket Stadium,St George's,Grenada
"Sir Vivian Richards Stadium, North Sound, Antigua",Sir Vivian Richards Stadium,North Sound,Antigua and Barbuda
"The Cricket Field, Sedbergh School",The Cricket Field,Sedbergh,England
Welbeck Abbey Cricket Ground,Welbeck Abbey Cricket Ground,Welbeck,England
"Gorse Lane, Grantham",Gorse Lane,Grantham,England
"Castle Avenue, Dublin",Castle Avenue,Dublin,Ireland
Captain Roop Singh Stadium,Captain Roop Singh Stadium,Gwalior,India
Asgiriya Stadium,Asgiriya Stadium,Kandy,Sri Lanka
"Beausejour Stadium, Gros Islet",Beausejour Stadium,Gros Islet,Saint Lucia
Welagedara Stadium,Welagedara Stadium,Kurunegala,Sri Lanka
"Warner Park, Basseterre",Warner Park,Basseterre,Saint Kitts and Nevis
"Eden Park, Auckland",Eden Park,Auckland,New Zealand
"Mahinda Rajapaksa International Cricket Stadium, Sooriyawewa, Hambantota",Mahinda Rajapaksa International Cricket Stadium,Sooriyawewa,Sri Lanka
Alur Cricket Stadium II,Alur Cricket Stadium,Alur,India
Reliance Cricket Stadium,Reliance Cricket Stadium,Vadodara,India
Narendra Modi Stadium,Narendra Modi Stadium,Ahmedabad,India
"Bay Oval, Mount Maunganui",Bay Oval,Mount Maunganui,New Zealand
"Eden Park Outer Oval, Auckland",Eden Park Outer Oval,Auckland,New Zealand
"Wanderers Cricket Ground, Windhoek",Wanderers Cricket Ground,Windhoek,Namibia
"The Wanderers Stadium, Johannesburg",The Wanderers Stadium,Johannesburg,South Africa
"Arun Jaitley Stadium, Delhi",Arun Jaitley Stadium,Delhi,India
Seebarn Cricket Centre,Seebarn Cricket Centre,Lower Austria,Austria
"North Sydney Oval, Sydney",North Sydney Oval,Sydney,Australia
"Saxton Oval, Nelson",Saxton Oval,Nelson,New Zealand
Old Deer Park,Old Deer Park,Richmond,England
"Botswana Cricket Association Oval 1, Gaborone",Botswana Cricket Association Oval 1,Gaborone,Botswana
"VRA Ground, Amstelveen",VRA Ground,Amstelveen,Netherlands
"Observatory Lane, Rathmines, Dublin",Observatory Lane,Dublin,Ireland
Chilaw Marians Cricket Club Ground,Chilaw Marians Cricket Club Ground,Colombo,Sri Lanka
Church Street Park,Church Street Park,Morrisville,USA
Colts Cricket Club Ground,Colts Cricket Club Ground,Colombo,Sri Lanka
"Castle Park Cricket Ground, Colchester",Castle Park Cricket Ground,Colchester,England
"University Oval, Hobart",University Oval,Hobart,Australia
"Drummoyne Oval, Sydney",Drummoyne Oval,Sydney,Australia
"Lilac Hill Park, Perth",Lilac Hill Park,Perth,Australia
"Eden Gardens, Kolkata",Eden Gardens,Kolkata,India
"ICC Academy Ground No 2, Dubai",ICC Academy Ground No 2,Dubai,UAE
"Nelson Park, Napier",Nelson Park,Napier,New Zealand
Lugogo Cricket Oval,Lugogo Cricket Oval,Kampala,Uganda
"Southend Club Cricket Stadium, Karachi",Southend Club Cricket Stadium,Karachi,Pakistan
Sheikh Zayed Stadium Nursery 1,Sheikh Zayed Stadium Nursery 1,Abu Dhabi,UAE
Zayed Cricket Stadium,Zayed Cricket Stadium,Abu Dhabi,UAE
Shaheed Chandu Stadium,Shaheed Chandu Stadium,Bogra,Bangladesh
Nahar Singh Stadium,Nahar Singh Stadium,Faridabad,India
Keenan Stadium,Keenan Stadium,Jamshedpur,India
Forthill,Forthill,Dundee,Scotland
St'Xavier's KCA Cricket Ground,St'Xavier's KCA Cricket Ground,Thiruvananthapuram,India
Greenfield Stadium,Greenfield International Stadium,Thiruvananthapuram,India
Takashinga Sports Club,Takashinga Sports Club,Harare,Zimbabwe
"Spytty Park, Newport",Spytty Park,Newport,Wales
Colwyn Bay Cricket Club Ground,Colwyn Bay Cricket Club Ground,Colwyn Bay,Wales
Santarem Cricket Ground,Santarem Cricket Ground,Santarem,Portugal
Mulpani Cricket Ground,Mulpani Cricket Ground,Kathmandu,Nepal
"Mission Road Ground, Mong Kok, Hong Kong",Mission Road Ground,Mong Kok,Hong Kong
Goldenacre,Goldenacre,Edinburgh,Scotland
"Church Street Park, Morrisville",Church Street Park,Morrisville,USA
"Bayuemas Oval, Kuala Lumpur",Bayuemas Oval,Kuala Lumpur,Malaysia
"The John Fretwell Sporting Complex, Sookholme",The John Fretwell Sporting Complex,Sookholme,England
Kibworth Cricket Club New Ground,Kibworth Cricket Club New Ground,Kibworth,England
"Sedgars Park, Potchefstroom",Sedgars Park,Potchefstroom,South Africa
Faleata Oval No 3,Faleata Oval No 3,Apia,Samoa
Guanggong International Cricket Stadium,Guanggong International Cricket Stadium,Guangzhou,China
Chevrolet Park,Chevrolet Park,Bloemfontein,South Africa
"Achimota Senior Secondary School B Field, Accra",Achimota Senior Secondary School B Field,Accra,Ghana
Star Stile,Star Stile,Hove,England
Thailand Cricket Ground,Thailand Cricket Ground,Bangkok,Thailand
"Mitchells and Butlers' Ground, Birmingham",Mitchells and Butlers' Ground,Birmingham,England
Coolidge Cricket Ground,Coolidge Cricket Ground,Antigua,Antigua and Barbuda
Oak Hill Cricket Club,Oak Hill Cricket Club,Wicklow,Ireland
The Hills Cricket Club Ground,The Hills Cricket Club Ground,Milverton,England
Skarpnack 1,Skarpnack 1,Stockholm,Sweden
Koge Cricket Club 2,Koge Cricket Club 2,Koge,Denmark
"TCA Oval, Blantyre",TCA Oval,Blantyre,Malawi
"Nigeria Cricket Federation Oval 1, Abuja",Nigeria Cricket Federation Oval 1,Abuja,Nigeria
"Punjab Cricket Association IS Bindra Stadium, Mohali",Punjab Cricket Association IS Bindra Stadium,Mohali,India
"Shere Bangla National Stadium, Mirpur",Sher-e-Bangla National Cricket Stadium,Mirpur,Bangladesh
Manuka Oval,Manuka Oval,Canberra,Australia
"Senwes Park, Potchefstroom",Senwes Park,Potchefstroom,South Africa
North Sydney Oval No.2,North Sydney Oval,Sydney,Australia
"MA Chidambaram Stadium, Chepauk",MA Chidambaram Stadium,Chennai,India
Casey Fields No. 4,Casey Fields No. 4,Melbourne,Australia
Docklands Stadium,Docklands Stadium,Melbourne,Australia
Allan Border Field,Allan Border Field,Brisbane,Australia
St George's Park,St George's Park,Gqeberha,South Africa
Hurstville Oval,Hurstville Oval,Sydney,Australia
Blacktown International Sportspark,Blacktown International Sportspark,Sydney,Australia
McLean Park,McLean Park,Napier,New Zealand
Mercantile Cricket Association Ground,Mercantile Cricket Association Ground,Melbourne,Australia
Dower Park,Dower Park,Melbourne,Australia
"Traeger Park, Alice Springs",Traeger Park,Alice Springs,Australia
"County Ground, Northampton",County Ground,Northampton,England
"Grace Road, Leicester",Grace Road,Leicester,England
"Sophia Gardens, Cardiff",Sophia Gardens,Cardiff,Wales
"County Ground, Derby",County Ground,Derby,England
Gymkhana Club,Gymkhana Club,Nairobi,Kenya
"Aigburth, Liverpool",Aigburth,Liverpool,England
"Welbeck Colliery Cricket Club Ground, Market Warsop",Welbeck Colliery Cricket Club Ground,Market Warsop,England
"Radlett Cricket Club, Radlett",Radlett Cricket Club,Radlett,England
"Kensington Oval, Barbados",Kensington Oval,Bridgetown,Barbados
"Zahur Ahmed Chowdhury Stadium, Chattogram",Zahur Ahmed Chowdhury Stadium,Chattogram,Bangladesh
"Western Australia Cricket Association Ground, Perth",Western Australia Cricket Association Ground,Perth,Australia
FTZ Sports Complex (BOI),FTZ Sports Complex,Colombo,Sri Lanka
Harare Sports Club,Harare Sports Club,Harare,Zimbabwe
"R.Premadasa Stadium, Khettarama",R.Premadasa Stadium,Colombo,Sri Lanka
Diamond Oval,Diamond Oval,Kimberley,South Africa
St Lawrence Ground,St Lawrence Ground,Canterbury,England
"Nevill Ground, Tunbridge Wells",Nevill Ground,Tunbridge Wells,England
Sportpark Maarschalkerweerd,Sportpark Maarschalkerweerd,Utrecht,Netherlands
"Bangabandhu National Stadium, Dhaka",Bangabandhu National Stadium,Dhaka,Bangladesh
"MA Aziz Stadium, Chittagong",MA Aziz Stadium,Chittagong,Bangladesh
"Nehru Stadium, Poona",Nehru Stadium,Pune,India
Vidarbha C.A. Ground,Vidarbha C.A. Ground,Nagpur,India
Sher-e-Bangla National Cricket Stadium,Sher-e-Bangla National Cricket Stadium,Mirpur,Bangladesh
"Queen's Park, Chesterfield",Queen's Park,Chesterfield,England
"Svanholm Park, Brondby",Svanholm Park,Brondby,Denmark
"Takashinga Sports Club, Highfield, Harare",Takashinga Sports Club,Harare,Zimbabwe
"Moara Vlasiei Cricket Ground, Ilfov County",Moara Vlasiei Cricket Ground,Ilfov County,Romania
Chittagong Divisional Stadium,Chittagong Divisional Stadium,Chittagong,Bangladesh
Boland Park,Boland Park,Paarl,South Africa
Alur Cricket Stadium,Alur Cricket Stadium,Alur,India
Sri Ramachandra Medical College,Sri Ramachandra Medical College,Chennai,India
"Pukekura Park, New Plymouth",Pukekura Park,New Plymouth,New Zealand
Wanderers,Wanderers,Windhoek,Namibia
"Tribhuvan University International Cricket Ground, Kirtipur",Tribhuvan University International Cricket Ground,Kirtipur,Nepal
Boland Bank Park,Boland Bank Park,Paarl,South Africa
Bayuemas Oval,Bayuemas Oval,Kuala Lumpur,Malaysia
Greenfield International Stadium,Greenfield International Stadium,Thiruvananthapuram,India
Kerrydale Oval,Kerrydale Oval,Brisbane,Australia
"West End Park International Cricket Stadium, Doha",West End Park International Cricket Stadium,Doha,Qatar
"Aurora Stadium, Launceston",Aurora Stadium,Launceston,Australia
Gokaraju Liala Gangaaraju ACA Cricket Ground,Gokaraju Liala Gangaaraju ACA Cricket Ground,Mulapadu,India
"Sunrise Sports Club, Harare",Sunrise Sports Club,Harare,Zimbabwe
"Green Park, Kanpur",Green Park,Kanpur,India
"Fitzherbert Park, Palmerston North",Fitzherbert Park,Palmerston North,New Zealand
"Karori Park, Wellington",Karori Park,Wellington,New Zealand
"Maharashtra Cricket Association Stadium, Pune",Maharashtra Cricket Association Stadium,Pune,India
"Centre for Cricket Development Ground, Windhoek",Centre for Cricket Development Ground,Windhoek,Namibia
"Dr. Y.S. Rajasekhara Reddy ACA-VDCA Cricket Stadium, Visakhapatnam",Dr. Y.S. Rajasekhara Reddy ACA-VDCA Cricket Stadium,Visakhapatnam,India
Lisicji Jarak Cricket Ground,Lisicji Jarak Cricket Ground,Belgrade,Serbia
Mannofield Park,Mannofield Park,Aberdeen,Scotland
Indian Petrochemicals Corporation Limited Sports Complex Ground,Indian Petrochemicals Corporation Limited Sports Complex Ground,Vadodara,India
Sedbergh School,Sedbergh School,Sedbergh,England
Fitzherbert Park,Fitzherbert Park,Palmerston North,New Zealand
"Grainville, St Saviour, Jersey",Grainville,St Saviour,Jersey
"FB Fields, St Clement",FB Fields,St Clement,Jersey
"Sheikh Abu Naser Stadium, Khulna",Sheikh Abu Naser Stadium,Khulna,Bangladesh
"Belgrano Athletic Club Ground, Buenos Aires",Belgrano Athletic Club Ground,Buenos Aires,Argentina
Jawaharlal Nehru Stadium,Jawaharlal Nehru Stadium,Delhi,India
Waverley Oval,Waverley Oval,Sydney,Australia
Tony Ireland Stadium,Tony Ireland Stadium,Townsville,Australia
"Tony Ireland Stadium, Townsville",Tony Ireland Stadium,Townsville,Australia
"Blacktown International Sportspark, Sydney",Blacktown International Sportspark,Sydney,Australia
"Jadavpur University Campus 2nd Ground, Kolkata",Jadavpur University Campus 2nd Ground,Kolkata,India
"Grand Prairie Stadium, Dallas",Grand Prairie Stadium,Dallas,USA
"Nassau County International Cricket Stadium, New York",Nassau County International Cricket Stadium,New York,USA
Roma Cricket Ground,Roma Cricket Ground,Rome,Italy
"Guernsey Rovers Athletic Club Ground, Port Soif",Guernsey Rovers Athletic Club Ground,Port Soif,Guernsey
"New County Ground, Hove, Brighton",New County Ground,Hove,England
San Albano,San Albano,Buenos Aires,Argentina
"Casey Fields No 4, Melbourne",Casey Fields No 4,Melbourne,Australia
Johor Cricket Academy Oval,Johor Cricket Academy Oval,Johor,Malaysia
University of Dar-es-Salaam Ground,University of Dar-es-Salaam Ground,Dar-es-Salaam,Tanzania
"Zahur Ahmed Chowdhury Stadium, Chittagong",Zahur Ahmed Chowdhury Stadium,Chittagong,Bangladesh
Adelaide Oval,Adelaide Oval,Adelaide,Australia
"Diamond Oval, Kimberley",Diamond Oval,Kimberley,South Africa
Lavington Sports Oval,Lavington Sports Oval,Albury,Australia
Aurora Stadium,Aurora Stadium,Launceston,Australia
Lilac Hill Park,Lilac Hill Park,Perth,Australia
Sheikh Kamal International Cricket Stadium,Sheikh Kamal International Cricket Stadium,Cox's Bazar,Bangladesh
SuperSport Park,SuperSport Park,Centurion,South Africa
"Vidarbha Cricket Association Stadium, Jamtha",Vidarbha Cricket Association Stadium,Nagpur,India
Nondescripts Cricket Club Ground,Nondescripts Cricket Club Ground,Colombo,Sri Lanka
Kennards Hire Community Oval,Kennards Hire Community Oval,Sydney,Australia
"Kennington Oval, London",Kennington Oval,London,England
Willowmoore Park,Willowmoore Park,Benoni,South Africa
Feroz Shah Kotla,Arun Jaitley Stadium,Delhi,India
Prem Tinsulanonda International School,Prem Tinsulanonda International School,Chiang Mai,Thailand
Karen Rolton Oval,Karen Rolton Oval,Adelaide,Australia
Ted Summerton Reserve,Ted Summerton Reserve,Moe,Australia
ICC Academy,ICC Academy,Dubai,UAE
Southend Club Cricket Stadium,Southend Club Cricket Stadium,Karachi,Pakistan
"Daren Sammy National Cricket Stadium, St Lucia",Daren Sammy National Cricket Stadium,Gros Islet,Saint Lucia
"Dr. Gokaraju Laila Ganga Raju ACA Cricket Complex -CP Ground,Mulapadu",Dr. Gokaraju Laila Ganga Raju ACA Cricket Complex,Mulapadu,India
Lalbhai Contractor Stadium,Lalbhai Contractor Stadium,Surat,India
DRIEMS Ground,DRIEMS Ground,Cuttack,India
"Airforce Complex ground, Palam",Airforce Complex ground,Palam,India
Dr. Y.S. Rajasekhara Reddy ACA-VDCA Cricket Stadium,Dr. Y.S. Rajasekhara Reddy ACA-VDCA Cricket Stadium,Visakhapatnam,India
"Brisbane Cricket Ground, Woolloongabba, Brisbane",Brisbane Cricket Ground,Brisbane,Australia
Punjab Cricket Association IS Bindra Stadium,Punjab Cricket Association IS Bindra Stadium,Mohali,India
"Willowmoore Park, Benoni",Willowmoore Park,Benoni,South Africa
Tack-Tec Ground,Tack-Tec Ground,Harare,Zimbabwe
The Vineyard,The Vineyard,Dublin,Ireland
"Bundaberg Rum Stadium, Cairns",Bundaberg Rum Stadium,Cairns,Australia
Carisbrook,Carisbrook,Dunedin,New Zealand
"Arnos Vale Ground, Kingstown",Arnos Vale Ground,Kingstown,Saint Vincent and the Grenadines
Madhavrao Scindia Cricket Ground,Madhavrao Scindia Cricket Ground,Rajkot,India
Jade Stadium,Jade Stadium,Christchurch,New Zealand
"Daren Sammy National Cricket Stadium, Gros Islet, St Lucia",Daren Sammy National Cricket Stadium,Gros Islet,Saint Lucia
"Providence Stadium, Guyana",Providence Stadium,Providence,Guyana
La Manga Club Bottom Ground,La Manga Club Bottom Ground,La Manga,Spain
"Bradman Oval, Bowral",Bradman Oval,Bowral,Australia
Shere Bangla National Stadium,Sher-e-Bangla National Cricket Stadium,Mirpur,Bangladesh
"Sardar Patel Stadium, Motera",Narendra Modi Stadium,Ahmedabad,India
Maple Leaf North-West Ground,Maple Leaf North-West Ground,King City,Canada
Jadavpur University Campus,Jadavpur University Campus,Kolkata,India
Motibaug Cricket Ground,Motibaug Cricket Ground,Vadodara,India
Sharad Pawar Cricket Academy BKC,Sharad Pawar Cricket Academy,Mumbai,India
"Hagley Oval, Christchurch",Hagley Oval,Christchurch,New Zealand
Maple Leaf South-West Ground,Maple Leaf South-West Ground,King City,Canada
Ovale di Rastignano,Ovale di Rastignano,Rastignano,Italy
Centro Sportivo Ca'Nova,Centro Sportivo Ca'Nova,Bologna,Italy
"Brunton Memorial Ground, Radlett",Brunton Memorial Ground,Radlett,England
Pierre Werner Cricket Ground,Pierre Werner Cricket Ground,Walferdange,Luxembourg
"Park 25 No 2, Adelaide",Park 25 No 2,Adelaide,Australia
Sportpark Westvliet,Sportpark Westvliet,The Hague,Netherlands
Tolerance Oval,Tolerance Oval,Abu Dhabi,UAE
Sir Paul Getty's Ground,Sir Paul Getty's Ground,Wormsley,England
Peter Burge Oval,Peter Burge Oval,Brisbane,Australia
"ACA Stadium, Barsapara",ACA Stadium,Guwahati,India
Yeonhui Cricket Ground,Yeonhui Cricket Ground,Incheon,South Korea
Selangor Turf Club,Selangor Turf Club,Kuala Lumpur,Malaysia
Bradman Oval,Bradman Oval,Bowral,Australia
"Colin Maiden Park, Auckland",Colin Maiden Park,Auckland,New Zealand
"Bharat Ratna Shri Atal Bihari Vajpayee Ekana Cricket Stadium, Lucknow",Bharat Ratna Shri Atal Bihari Vajpayee Ekana Cricket Stadium,Lucknow,India
"Punjab Cricket Association IS Bindra Stadium, Mohali, Chandigarh",Punjab Cricket Association IS Bindra Stadium,Mohali,India
"Malek Cricket Ground, Ajman",Malek Cricket Ground,Ajman,UAE
New Williamfield No1 Oval,New Williamfield No1 Oval,Stirling,Scotland
"Kyambogo Cricket Ground, Kampala",Kyambogo Cricket Ground,Kampala,Uganda
"Grainville, St Saviour",Grainville,St Saviour,Jersey
Tikkurila Cricket Ground,Tikkurila Cricket Ground,Vantaa,Finland
"Titwood, Glasgow",Titwood,Glasgow,Scotland
Khan Shaheb Osman Ali Stadium,Khan Shaheb Osman Ali Stadium,Fatullah,Bangladesh
ICC Academy Oval 2,ICC Academy Oval 2,Dubai,UAE
Bert Sutcliffe Oval,Bert Sutcliffe Oval,Lincoln,England
Titwood,Titwood,Glasgow,Scotland
Invermay Park,Invermay Park,Launceston,Australia
Nuriootpa Centennial Park,Nuriootpa Centennial Park,Nuriootpa,Australia
Pokhara Rangasala,Pokhara Rangasala,Pokhara,Nepal
LC de Villiers Oval,LC de Villiers Oval,Pretoria,South Africa
"The John Fretwell Sporting Complex, Nettleworth",The John Fretwell Sporting Complex,Nettleworth,England
"Chester Road North Ground, Kidderminster",Chester Road North Ground,Kidderminster,England
"Rajiv Gandhi International Stadium, Uppal, Hyderabad",Rajiv Gandhi International Cricket Stadium,Hyderabad,India
"Sir Paul Getty's Ground, Wormsley",Sir Paul Getty's Ground,Wormsley,England
Grand Prairie Stadium,Grand Prairie Stadium,Grand Prairie,USA
Turf City B Cricket Ground,Turf City B Cricket Ground,Singapore,Singapore
Vanuatu Cricket Ground (Oval 2),Vanuatu Cricket Ground (Oval 2),Port Vila,Vanuatu
Faleata Oval No 1,Faleata Oval No 1,Apia,Samoa
Faleata Oval No 2,Faleata Oval No 2,Apia,Samoa
"Cazaly's Stadium, Cairns",Cazaly's Stadium,Cairns,Australia
"St George's Park, Gqeberha",St George's Park,Gqeberha,South Africa
"Hurlingham Club Ground, Buenos Aires",Hurlingham Club Ground,Buenos Aires,Argentina
Kent County Cricket Ground,Kent County Cricket Ground,Canterbury,England
Los Reyes Polo Club,Los Reyes Polo Club,Unknown,Unknown
"Sportpark Westvliet, The Hague",Sportpark Westvliet,The Hague,Netherlands
West Mersea Cricket Club,West Mersea Cricket Club,West Mersea,England
Hare Field,Hare Field,Unknown,Unknown
VCA Ground,VCA Ground,Nagpur,India
Alembic 1 Cricket Ground,Alembic 1 Cricket Ground,Vadodara,India
Cobham Oval (New),Cobham Oval (New),Whangarei,New Zealand
"Forthill, Dundee",Forthill,Dundee,Scotland
"National Stadium, Hamilton",National Stadium,Hamilton,New Zealand
"Wright Cricket Field, Woodley Park",Wright Cricket Field,Los Angeles,USA
"Wong Cricket Field, Woodley Park",Wong Cricket Field,Los Angeles,USA
"Racecourse Ground, Derby",Racecourse Ground,Derby,England
"Marina Ground, Corfu",Marina Ground,Corfu,Greece
"Ruaraka Sports Club Ground, Nairobi",Ruaraka Sports Club Ground,Nairobi,Kenya
"Nigeria Cricket Federation Oval 2, Abuja",Nigeria Cricket Federation Oval 2,Abuja,Nigeria
Queens Sports Club,Queens Sports Club,Bulawayo,Zimbabwe
"Mangaung Oval, Bloemfontein",Mangaung Oval,Bloemfontein,South Africa
International Sports Stadium,International Sports Stadium,Unknown,Unknown
North Sydney Oval,North Sydney Oval,Sydney,Australia
Queen Elizabeth II Oval,Queen Elizabeth II Oval,Bendigo,Australia
Howell Oval,Howell Oval,Penrith,England
Saxton Oval,Saxton Oval,Nelson,New Zealand
Camberwell Sports Ground,Camberwell Sports Ground,Melbourne,Australia
New Wanderers Stadium,New Wanderers Stadium,Johannesburg,South Africa
Maharashtra Cricket Association Stadium,Maharashtra Cricket Association Stadium,Pune,India
Eden Gardens,Eden Gardens,Kolkata,India
P Sara Oval,P Sara Oval,Colombo,Sri Lanka
Colombo Cricket Club Ground,Colombo Cricket Club Ground,Colombo,Sri Lanka
Eden Park No 2,Eden Park No 2,Auckland,New Zealand
University Oval,University Oval,Dunedin,New Zealand
"St Lawrence Ground, Canterbury",St Lawrence Ground,Canterbury,England
Providence Stadium,Providence Stadium,Georgetown,Guyana
Cazaly's Stadium,Cazaly's Stadium,Cairns,Australia
Drummoyne Oval,Drummoyne Oval,Sydney,Australia
Holkar Stadium,Holkar Stadium,Indore,India
Rajiv Gandhi International Stadium,Rajiv Gandhi International Cricket Stadium,Hyderabad,India
"The Cooper Associates County Ground, Taunton",The Cooper Associates County Ground,Taunton,England
"Wankhede Stadium, Mumbai",Wankhede Stadium,Mumbai,India
"Merchant Taylors' School Ground, Northwood",Merchant Taylors' School Ground,Northwood,England
YMCA Cricket Club,YMCA Cricket Club,Dublin,Ireland
"County Ground, New Road",County Ground,Worcester,England
The Cooper Associates County Ground,The Cooper Associates County Ground,Taunton,England
Riverside Ground,Riverside Ground,Chester-le-Street,England
"The Village, Malahide, Dublin",The Village,Dublin,Ireland
"Pembroke Cricket Club, Sandymount",Pembroke Cricket Club,Dublin,Ireland
The Rose Bowl,The Rose Bowl,Southampton,England
The Kent County Cricket Ground,The Kent County Cricket Ground,Canterbury,England
"M Chinnaswamy Stadium, Bangalore",M Chinnaswamy Stadium,Bangalore,India
"McLean Park, Napier",McLean Park,Napier,New Zealand
"Kensington Oval, Bridgetown, Barbados",Kensington Oval,Bridgetown,Barbados
"Nahar Singh Stadium, Faridabad",Nahar Singh Stadium,Faridabad,India
Buffalo Park,Buffalo Park,East London,South Africa
"Sardar Patel (Gujarat) Stadium, Motera",Narendra Modi Stadium,Ahmedabad,India
"Sportpark Maarschalkerweerd, Utrecht",Sportpark Maarschalkerweerd,Utrecht,Netherlands
Marsa Sports Club,Marsa Sports Club,Marsa,Malta
Gucherre Cricket Ground,Gucherre Cricket Ground,Unknown,Unknown
Sheikhupura Stadium,Sheikhupura Stadium,Sheikhupura,Pakistan
Stellenbosch University 1,Stellenbosch University 1,Stellenbosch,South Africa
Clontarf Cricket Club Ground,Clontarf Cricket Club Ground,Dublin,Ireland
"Civil Service Cricket Club, Stormont",Civil Service Cricket Club,Belfast,Northern Ireland
Marrara Cricket Ground,Marrara Cricket Ground,Darwin,Australia
Alur Cricket Stadium III,Alur Cricket Stadium III,Bangalore,India
T I Murugappa Ground,T I Murugappa Ground,Chennai,India
"Narendra Modi Stadium Ground 'A', Motera",Narendra Modi Stadium Ground 'A',Ahmedabad,India
Bharat Ratna Shri Atal Bihari Vajpai Ekana Cricket Stadium,Bharat Ratna Shri Atal Bihari Vajpayee Ekana Cricket Stadium,Lucknow,India
"Queen's Park, Invercargill",Queen's Park,Invercargill,New Zealand
"Narendra Modi Stadium, Ahmedabad",Narendra Modi Stadium,Ahmedabad,India
Aigburth,Aigburth,Liverpool,England
"Seddon Park, Hamilton",Seddon Park,Hamilton,New Zealand
Botswana Cricket Association Oval 2,Botswana Cricket Association Oval 2,Gaborone,Botswana
West Park Oval,West Park Oval,Burnie,Australia
Merchant Taylors' School Ground,Merchant Taylors' School Ground,Northwood,England
Singapore Cricket Club,Singapore Cricket Club,Singapore,Singapore
Castle Park Cricket Ground,Castle Park Cricket Ground,Colchester,England
"Cricket Field Road Ground, Horsham",Cricket Field Road Ground,Horsham,England
Integrated Polytechnic Regional Centre,Integrated Polytechnic Regional Centre,Kigali,Rwanda
"Manuka Oval, Canberra",Manuka Oval,Canberra,Australia
"John Davies Oval, Queenstown",John Davies Oval,Queenstown,New Zealand
Stadium Australia,Stadium Australia,Sydney,Australia
"Chevrolet Park, Bloemfontein",Chevrolet Park,Bloemfontein,South Africa
Kyambogo Cricket Oval,Kyambogo Cricket Oval,Kampala,Uganda
"Choice Moosa Stadium, Pearland",Choice Moosa Stadium,Pearland,USA
"Royal Brussels Cricket Club Ground, Waterloo",Royal Brussels Cricket Club Ground,Waterloo,Belgium
"Sportpark Westvliet, Voorburg",Sportpark Westvliet,Voorburg,Netherlands
ICC Academy Oval 1,ICC Academy Oval 1,Dubai,UAE
Abu Dhabi Oval 2,Abu Dhabi Oval 2,Abu Dhabi,UAE
Sylhet Stadium,Sylhet Stadium,Sylhet,Bangladesh
"Clontarf Cricket Club Ground, Dublin",Clontarf Cricket Club Ground,Dublin,Ireland
Ruaraka Sports Club Ground,Ruaraka Sports Club Ground,Nairobi,Kenya
Lalabhai Contractor Stadium,Lalbhai Contractor Stadium,Surat,India
"Bready Cricket Club, Magheramason",Bready Cricket Club Ground,Magheramason,Northern Ireland
"Queen's Park Oval, Trinidad",Queen's Park Oval,Port of Spain,Trinidad and Tobago
"White Hill Field, Sandys Parish",White Hill Field,Sandys Parish,Bermuda
Bermuda National Stadium,Bermuda National Sports Centre,Devonshire,Bermuda
"YSD-UKM Cricket Oval, Bangi",YSD-UKM Cricket Oval,Bangi,Malaysia
"Amini Park, Port Moresby",Amini Park,Port Moresby,Papua New Guinea
"Malahide, Dublin",The Village,Malahide,Ireland
Vanuatu Cricket Ground,Vanuatu Cricket Ground,Port Vila,Vanuatu
Louth Cricket Club,Louth Cricket Club,Louth,England
Morodok Techo National Stadium,Morodok Techo National Stadium,Phnom Penh,Cambodia
"St Albans Club, Buenos Aires",St Albans Club,Buenos Aires,Argentina
"Cricket Central, Sydney",Cricket Central,Sydney,Australia
"Maharaja Yadavindra Singh International Cricket Stadium, Mullanpur",Maharaja Yadavindra Singh International Cricket Stadium,Mullanpur,India
"7he Sevens Stadium, Dubai",The Sevens Stadium,Dubai,UAE
Cricket Field Lane,Cricket Field Lane,Horsham,England
St  Pauls college ground  Kalamassery,St Pauls College Ground,Kalamassery,India
"Maple Leaf North-West Ground, King City",Maple Leaf North-West Ground,King City,Canada
"Sylhet International Cricket Stadium, Academy Ground","Sylhet International Cricket Stadium, Academy Ground",Sylhet,Bangladesh
"Jubilee Park, Ringwood, Melbourne",Jubilee Park,Melbourne,Australia
Khettarama Stadium,R. Premadasa Stadium,Colombo,Sri Lanka
"Shrimant Madhavrao Scindia Cricket Stadium, Gwalior",Captain Roop Singh Stadium,Gwalior,India
"Dr DY Patil Sports Academy, Navi Mumbai",Dr DY Patil Sports Academy,Mumbai,India
"KSCA Cricket Ground, Alur",KSCA Cricket Ground,Bangalore,India
"Kotambi Stadium, Vadodara",Kotambi Stadium,Vadodara,India
"St George's College Ground, Buenos Aires",St George's College Ground,Buenos Aires,Argentina